{
  "timestamp": "2026-05-11 23:59:35",
  "runner": "tensorrt_python",
  "engine_path": "/root/tensorRT/models/model_fp32.engine",
  "precision": "fp32",
  "batch_size": 18,
  "engine_input_shape": [
    1,
    3,
    224,
    224
  ],
  "session_runs_per_iteration": 18,
  "image_size": 224,
  "warmup": 20,
  "iterations": 100,
  "latency_ms": {
    "min": 16.982607543468475,
    "max": 24.60034191608429,
    "mean": 22.99423798918724,
    "median": 23.25422689318657,
    "p95": 23.276550136506557,
    "p99": 23.42463247478009
  },
  "throughput_qps": 782.804805641495,
  "output_logits": "/root/tensorRT/results/raw/trt_fp32_logits.npy"
}