{
  "timestamp": "2026-05-11 23:59:35",
  "runner": "tensorrt_python",
  "engine_path": "/root/tensorRT/models/model_fp16.engine",
  "precision": "fp16",
  "batch_size": 18,
  "engine_input_shape": [
    1,
    3,
    224,
    224
  ],
  "session_runs_per_iteration": 18,
  "image_size": 224,
  "warmup": 20,
  "iterations": 100,
  "latency_ms": {
    "min": 20.714297890663147,
    "max": 24.241317063570023,
    "mean": 23.22847057133913,
    "median": 23.252803832292557,
    "p95": 23.276351019740105,
    "p99": 23.44816774129868
  },
  "throughput_qps": 774.9111137006853,
  "output_logits": "/root/tensorRT/results/raw/trt_fp16_logits.npy"
}